"","prior","prior_mean","prior_LCL","prior_UCL","posterior_mean","posterior_LCL","posterior_UCL"
"1","policy_a",5,3,7,0,-1.4142135623731,1.4142135623731
"2","policy_b",-6.2,-7.75,-4.65,-5.74970714564623,-6.97485047651786,-4.5245638147746
"3","policy_c",0,-1,-1,-1,-1.89442719099992,-0.105572809000084
"4","policy_d",-11.5,-20,-3,-5.34098360655738,-7.28781794322453,-3.39414926989023
